id,Name,Url
640278,shunwuyu,https://api.github.com/users/shunwuyu
35523511,yrq1429,https://api.github.com/users/yrq1429
38418699,zengkaii,https://api.github.com/users/zengkaii
34919519,zll18314831310,https://api.github.com/users/zll18314831310
36653037,hx-dl,https://api.github.com/users/hx-dl
38418954,LestaSan,https://api.github.com/users/LestaSan
38375503,1haixinzgf,https://api.github.com/users/1haixinzgf
38453453,beidouhupo,https://api.github.com/users/beidouhupo
38389754,liaoruochen,https://api.github.com/users/liaoruochen
34811329,1239930167,https://api.github.com/users/1239930167
38552120,Marszht,https://api.github.com/users/Marszht
29034936,HeiLiu,https://api.github.com/users/HeiLiu
32203226,Kerinlin,https://api.github.com/users/Kerinlin
30338198,yuanyuneee,https://api.github.com/users/yuanyuneee
38418863,fuyurou,https://api.github.com/users/fuyurou
37777150,hongzhengzheng,https://api.github.com/users/hongzhengzheng
38997982,dzyook,https://api.github.com/users/dzyook
38277776,shiyisanyecao,https://api.github.com/users/shiyisanyecao
38883739,Caster-gsx,https://api.github.com/users/Caster-gsx
37163594,duzuimoye,https://api.github.com/users/duzuimoye
38418899,xujiayuanqqq,https://api.github.com/users/xujiayuanqqq
38375406,mystery66,https://api.github.com/users/mystery66
32086899,joinnew,https://api.github.com/users/joinnew
26088828,zoutianci,https://api.github.com/users/zoutianci
39892156,you77520,https://api.github.com/users/you77520
40048193,songzhifei1230,https://api.github.com/users/songzhifei1230
15881390,yangrongliang,https://api.github.com/users/yangrongliang
40048200,yanyanru65,https://api.github.com/users/yanyanru65
24238324,CCM-ONLY,https://api.github.com/users/CCM-ONLY
38347775,wangguoshengwgs,https://api.github.com/users/wangguoshengwgs
40048452,WANGZ1995,https://api.github.com/users/WANGZ1995
26430322,Vermouth1,https://api.github.com/users/Vermouth1
40048320,SunnyBess,https://api.github.com/users/SunnyBess
40048612,JanisHao,https://api.github.com/users/JanisHao
28746919,wsfyy1,https://api.github.com/users/wsfyy1
40048457,brave21,https://api.github.com/users/brave21
40048543,Ling-C,https://api.github.com/users/Ling-C
40049113,wuxueqiao,https://api.github.com/users/wuxueqiao
26211461,jingjingding,https://api.github.com/users/jingjingding
16135358,wangzhebuzai,https://api.github.com/users/wangzhebuzai
40051305,ningmeng2018,https://api.github.com/users/ningmeng2018
40049397,tangtiantian2,https://api.github.com/users/tangtiantian2
39762213,luochengcheng,https://api.github.com/users/luochengcheng
39261698,chen-lingling,https://api.github.com/users/chen-lingling
40055234,mwyjljtg,https://api.github.com/users/mwyjljtg
40061219,EricGarnett,https://api.github.com/users/EricGarnett
10266465,gongcf,https://api.github.com/users/gongcf
23024319,jsogn,https://api.github.com/users/jsogn
38418699,zengkaii,https://api.github.com/users/zengkaii
34811329,1239930167,https://api.github.com/users/1239930167
33884004,xiguan-wuge,https://api.github.com/users/xiguan-wuge
34919519,zll18314831310,https://api.github.com/users/zll18314831310
36653037,hx-dl,https://api.github.com/users/hx-dl
38552120,Marszht,https://api.github.com/users/Marszht
640278,shunwuyu,https://api.github.com/users/shunwuyu
38418863,fuyurou,https://api.github.com/users/fuyurou
29034936,HeiLiu,https://api.github.com/users/HeiLiu
38497070,wangxifa,https://api.github.com/users/wangxifa
38453453,beidouhupo,https://api.github.com/users/beidouhupo
38883739,Caster-gsx,https://api.github.com/users/Caster-gsx
38278949,JoeWrights,https://api.github.com/users/JoeWrights
38275018,keepAwayFrom404,https://api.github.com/users/keepAwayFrom404
30338198,yuanyuneee,https://api.github.com/users/yuanyuneee
38277776,shiyisanyecao,https://api.github.com/users/shiyisanyecao
38274611,HuanqingDeng,https://api.github.com/users/HuanqingDeng
38418899,xujiayuanqqq,https://api.github.com/users/xujiayuanqqq
32086899,joinnew,https://api.github.com/users/joinnew
26088828,zoutianci,https://api.github.com/users/zoutianci
554231,morhetz,https://api.github.com/users/morhetz
20777666,AndreiCalazans,https://api.github.com/users/AndreiCalazans
619186,brunolemos,https://api.github.com/users/brunolemos
2762082,souporserious,https://api.github.com/users/souporserious
11700003,betiol,https://api.github.com/users/betiol
2005841,sibelius,https://api.github.com/users/sibelius
10820159,joao-alberto,https://api.github.com/users/joao-alberto
1177226,itsmepetrov,https://api.github.com/users/itsmepetrov
749374,slorber,https://api.github.com/users/slorber
1797812,pranaygp,https://api.github.com/users/pranaygp
993108,kristerkari,https://api.github.com/users/kristerkari
81981,stipsan,https://api.github.com/users/stipsan
697630,klauskohut,https://api.github.com/users/klauskohut
923036,xcarpentier,https://api.github.com/users/xcarpentier
10338,BrandonSmith,https://api.github.com/users/BrandonSmith
19861867,tidusia,https://api.github.com/users/tidusia
23305,ricomadiko,https://api.github.com/users/ricomadiko
872310,JedWatson,https://api.github.com/users/JedWatson
205375,danburzo,https://api.github.com/users/danburzo
7661146,joshuarosato,https://api.github.com/users/joshuarosato
1714673,browniefed,https://api.github.com/users/browniefed
1043478,spentacular,https://api.github.com/users/spentacular
7748788,kacgrzes,https://api.github.com/users/kacgrzes
3233495,meetajhu,https://api.github.com/users/meetajhu
6822604,ihtml5,https://api.github.com/users/ihtml5
4373581,zapkub,https://api.github.com/users/zapkub
3958832,seeden,https://api.github.com/users/seeden
13808299,gauravssnl,https://api.github.com/users/gauravssnl
6754588,strayiker,https://api.github.com/users/strayiker
1935696,karlhorky,https://api.github.com/users/karlhorky
10569203,huygn,https://api.github.com/users/huygn
5393571,kedromelon,https://api.github.com/users/kedromelon
41305,hllwd,https://api.github.com/users/hllwd
3742992,haxiomic,https://api.github.com/users/haxiomic
6682092,Jeremboo,https://api.github.com/users/Jeremboo
6717746,agarcialeon,https://api.github.com/users/agarcialeon
1998991,ayamflow,https://api.github.com/users/ayamflow
187920,underlost,https://api.github.com/users/underlost
31256170,andydbc,https://api.github.com/users/andydbc
1177112,NStal,https://api.github.com/users/NStal
2302254,terkelg,https://api.github.com/users/terkelg
15966814,Guardwu2015,https://api.github.com/users/Guardwu2015
6396266,FantasticPerson,https://api.github.com/users/FantasticPerson
31042569,chelleccruz,https://api.github.com/users/chelleccruz
11950900,chelleccarlyle,https://api.github.com/users/chelleccarlyle
7050932,Hornebom,https://api.github.com/users/Hornebom
18484897,d-strukt,https://api.github.com/users/d-strukt
9550995,Steun,https://api.github.com/users/Steun
3198082,aerger,https://api.github.com/users/aerger
7180764,cmonte905,https://api.github.com/users/cmonte905
17804673,mhallo,https://api.github.com/users/mhallo
13769484,LakeYS,https://api.github.com/users/LakeYS
5714460,gcarvelli,https://api.github.com/users/gcarvelli
1512399,byungjikroh,https://api.github.com/users/byungjikroh
6001608,smasongarrison,https://api.github.com/users/smasongarrison
8504604,sindrehan,https://api.github.com/users/sindrehan
2229828,oshank,https://api.github.com/users/oshank
22449912,hfsh,https://api.github.com/users/hfsh
22764031,AnonymerNiklasistanonym,https://api.github.com/users/AnonymerNiklasistanonym
11048155,WayneBartnick,https://api.github.com/users/WayneBartnick
2226260,cevio,https://api.github.com/users/cevio
4987802,xuhp,https://api.github.com/users/xuhp
22249954,ALeehui,https://api.github.com/users/ALeehui
26107736,shenjian1984,https://api.github.com/users/shenjian1984
23054250,WenShunLiu,https://api.github.com/users/WenShunLiu
22781663,zhaoluting,https://api.github.com/users/zhaoluting
13316392,axuebin,https://api.github.com/users/axuebin
21073039,muwoo,https://api.github.com/users/muwoo
10152413,limingyang2012,https://api.github.com/users/limingyang2012
22587011,vvzt,https://api.github.com/users/vvzt
1542831,cjpatoilo,https://api.github.com/users/cjpatoilo
6154901,armand1m,https://api.github.com/users/armand1m
11315660,yo7,https://api.github.com/users/yo7
4368806,DavidBernal,https://api.github.com/users/DavidBernal
112161,KrofDrakula,https://api.github.com/users/KrofDrakula
2979531,rish,https://api.github.com/users/rish
499982,s3rgiosan,https://api.github.com/users/s3rgiosan
11594928,Evan0524,https://api.github.com/users/Evan0524
23065064,hikariming,https://api.github.com/users/hikariming
1808447,matrixorz,https://api.github.com/users/matrixorz
30967766,mmmilo00,https://api.github.com/users/mmmilo00
39992879,fengg2018,https://api.github.com/users/fengg2018
33169812,NAHYY,https://api.github.com/users/NAHYY
2804336,KamuelaFranco,https://api.github.com/users/KamuelaFranco
39658827,chnaski,https://api.github.com/users/chnaski
1161544,dannymichel,https://api.github.com/users/dannymichel
26684952,deployjar,https://api.github.com/users/deployjar
32816635,dianaimh,https://api.github.com/users/dianaimh
1403893,kenshinji,https://api.github.com/users/kenshinji
21961780,Casprine,https://api.github.com/users/Casprine
1075965,takuan-osho,https://api.github.com/users/takuan-osho
16314025,heyuxin,https://api.github.com/users/heyuxin
2497323,aussieboi,https://api.github.com/users/aussieboi
1884376,raisedadead,https://api.github.com/users/raisedadead
985197,QuincyLarson,https://api.github.com/users/QuincyLarson
10110245,ifvictr,https://api.github.com/users/ifvictr
16709534,nikrb,https://api.github.com/users/nikrb
4967253,willworth,https://api.github.com/users/willworth
7663762,ToddL1u,https://api.github.com/users/ToddL1u
19511481,tempo4964,https://api.github.com/users/tempo4964
8266796,lwjason,https://api.github.com/users/lwjason
24668519,LSYu7152,https://api.github.com/users/LSYu7152
8306843,maodaniel1990,https://api.github.com/users/maodaniel1990
876086,bjoerge,https://api.github.com/users/bjoerge
134077,thomax,https://api.github.com/users/thomax
10508,sjelfull,https://api.github.com/users/sjelfull
1131579,kmelve,https://api.github.com/users/kmelve
10344370,daveols,https://api.github.com/users/daveols
7652207,nathanmalishev,https://api.github.com/users/nathanmalishev
7336481,jxom,https://api.github.com/users/jxom
5687681,lorderikir,https://api.github.com/users/lorderikir
2662706,christian-fei,https://api.github.com/users/christian-fei
465519,yamafaktory,https://api.github.com/users/yamafaktory
799202,alferpal,https://api.github.com/users/alferpal
5985850,troy0820,https://api.github.com/users/troy0820
37407849,L-FMing,https://api.github.com/users/L-FMing
39983821,Luying0829,https://api.github.com/users/Luying0829
39895670,lyinga,https://api.github.com/users/lyinga
39409621,CyqHenNiu,https://api.github.com/users/CyqHenNiu
16341707,cmpickle,https://api.github.com/users/cmpickle
19877296,codingtacos,https://api.github.com/users/codingtacos
877638,rpendleton,https://api.github.com/users/rpendleton
13237046,jasonactually,https://api.github.com/users/jasonactually
6504907,gunnergit,https://api.github.com/users/gunnergit
6615,shakhruz,https://api.github.com/users/shakhruz
16057171,newbee-7,https://api.github.com/users/newbee-7
2339258,runsisi,https://api.github.com/users/runsisi
335467,pascalduez,https://api.github.com/users/pascalduez
223045,nikgraf,https://api.github.com/users/nikgraf
11071,okonet,https://api.github.com/users/okonet
5080854,glennreyes,https://api.github.com/users/glennreyes
7030244,cristinafsanz,https://api.github.com/users/cristinafsanz
5002506,kayandrae07,https://api.github.com/users/kayandrae07
5435657,marceloavf,https://api.github.com/users/marceloavf
2596484,znck,https://api.github.com/users/znck
12891633,maoabc2015,https://api.github.com/users/maoabc2015
4750973,cmdplusr,https://api.github.com/users/cmdplusr
7065942,yasuf,https://api.github.com/users/yasuf
5105812,YerkoPalma,https://api.github.com/users/YerkoPalma
1006268,goto-bus-stop,https://api.github.com/users/goto-bus-stop
184567,oskarrough,https://api.github.com/users/oskarrough
308049,ralphtheninja,https://api.github.com/users/ralphtheninja
3055345,vweevers,https://api.github.com/users/vweevers
136109,hxoht,https://api.github.com/users/hxoht
20496444,vanishcode,https://api.github.com/users/vanishcode
11460601,zivyangll,https://api.github.com/users/zivyangll
15025212,zhuyali,https://api.github.com/users/zhuyali
5671786,devjin0617,https://api.github.com/users/devjin0617
11402853,rkdgusrnrlrl,https://api.github.com/users/rkdgusrnrlrl
35222595,sunweibin,https://api.github.com/users/sunweibin
39692701,sahouba,https://api.github.com/users/sahouba
39692591,Keorex,https://api.github.com/users/Keorex
39692529,Milan-20,https://api.github.com/users/Milan-20
9741920,iSuwei,https://api.github.com/users/iSuwei
310379,WorkTimer,https://api.github.com/users/WorkTimer
28854761,chenmingyong2,https://api.github.com/users/chenmingyong2
25279263,jamesgeorge007,https://api.github.com/users/jamesgeorge007
34761380,CodeYourIdeas,https://api.github.com/users/CodeYourIdeas
39474131,open-source-explorer,https://api.github.com/users/open-source-explorer
15785438,s-gtoo,https://api.github.com/users/s-gtoo
22397264,GeorgeWoods,https://api.github.com/users/GeorgeWoods
8426777,Rob--,https://api.github.com/users/Rob--
207002,zombie,https://api.github.com/users/zombie
279572,jryans,https://api.github.com/users/jryans
2906003,mgaudet,https://api.github.com/users/mgaudet
37612951,jong920224,https://api.github.com/users/jong920224
37388407,kerorozzzz,https://api.github.com/users/kerorozzzz
39939533,reumii,https://api.github.com/users/reumii
564979,entertailion,https://api.github.com/users/entertailion
3264051,taycaldwell,https://api.github.com/users/taycaldwell
25360439,abnbabu,https://api.github.com/users/abnbabu
1761818,tkloht,https://api.github.com/users/tkloht
10338,BrandonSmith,https://api.github.com/users/BrandonSmith
424493,mlegenhausen,https://api.github.com/users/mlegenhausen
33848310,impossible-labs,https://api.github.com/users/impossible-labs
4927,eugeneotto,https://api.github.com/users/eugeneotto
613881,dfinzer,https://api.github.com/users/dfinzer
3868775,alon-abadi,https://api.github.com/users/alon-abadi
28003749,rimiti,https://api.github.com/users/rimiti
13808883,bluzi,https://api.github.com/users/bluzi
16818262,XiangWen,https://api.github.com/users/XiangWen
16460646,Zhang19910325,https://api.github.com/users/Zhang19910325
21007004,Iurmy,https://api.github.com/users/Iurmy
40023499,forwardZhang,https://api.github.com/users/forwardZhang
20266594,iShawnWang,https://api.github.com/users/iShawnWang
18140164,loatheb,https://api.github.com/users/loatheb
945528,markelog,https://api.github.com/users/markelog
2185721,Tom910,https://api.github.com/users/Tom910
3631320,animeshsingh,https://api.github.com/users/animeshsingh
10889249,Tomcli,https://api.github.com/users/Tomcli
448056,jorissteyn,https://api.github.com/users/jorissteyn
11271614,wesselvanderlinden,https://api.github.com/users/wesselvanderlinden
12771068,sajadmaysam,https://api.github.com/users/sajadmaysam
38874562,AnhPhung0416,https://api.github.com/users/AnhPhung0416
23022725,BricxRain,https://api.github.com/users/BricxRain
23044315,fchoy24,https://api.github.com/users/fchoy24
18357967,MSFTserver,https://api.github.com/users/MSFTserver
35243703,underdarkskies,https://api.github.com/users/underdarkskies
38694570,jaysonstaana20,https://api.github.com/users/jaysonstaana20
39826812,JadyAiCrypto,https://api.github.com/users/JadyAiCrypto
32025746,Wolfkid200444,https://api.github.com/users/Wolfkid200444
28711824,BlueMalgeran,https://api.github.com/users/BlueMalgeran
8709244,XaviTorello,https://api.github.com/users/XaviTorello
485651,oscarfonts,https://api.github.com/users/oscarfonts
13087428,wilforlan,https://api.github.com/users/wilforlan
34215085,bosstha,https://api.github.com/users/bosstha
35249282,hyunwoongJi,https://api.github.com/users/hyunwoongJi
1916739,sukso96100,https://api.github.com/users/sukso96100
14037268,amorist,https://api.github.com/users/amorist
15871340,itaditya,https://api.github.com/users/itaditya
5846502,oteku,https://api.github.com/users/oteku
2664621,tjamps,https://api.github.com/users/tjamps
37375627,fanexi,https://api.github.com/users/fanexi
39895670,lyinga,https://api.github.com/users/lyinga
19202957,isaacloveadan,https://api.github.com/users/isaacloveadan
20722776,dinghuang,https://api.github.com/users/dinghuang
17517365,arcosx,https://api.github.com/users/arcosx
33076808,fish98,https://api.github.com/users/fish98
38464161,YMZQ,https://api.github.com/users/YMZQ
39983776,PinkYun,https://api.github.com/users/PinkYun
4888291,wonderffee,https://api.github.com/users/wonderffee
672711,ikamal,https://api.github.com/users/ikamal
1451365,ChangJoo-Park,https://api.github.com/users/ChangJoo-Park
8944149,hodoogwaja,https://api.github.com/users/hodoogwaja
37184967,JiaCheng-Huang,https://api.github.com/users/JiaCheng-Huang
37238241,Joychun1,https://api.github.com/users/Joychun1
15377484,ifyour,https://api.github.com/users/ifyour
19704226,sunboy166,https://api.github.com/users/sunboy166
22076778,bhattsameer,https://api.github.com/users/bhattsameer
12944530,Chan9390,https://api.github.com/users/Chan9390
10902982,YihanKim,https://api.github.com/users/YihanKim
11500749,kty5177,https://api.github.com/users/kty5177
4680738,hideo54,https://api.github.com/users/hideo54
9247699,KawakawaRitsuki,https://api.github.com/users/KawakawaRitsuki
18291697,spemer,https://api.github.com/users/spemer
38639197,molit-ict,https://api.github.com/users/molit-ict
37375627,fanexi,https://api.github.com/users/fanexi
39983776,PinkYun,https://api.github.com/users/PinkYun
7443393,blacknight811,https://api.github.com/users/blacknight811
8461333,krantzinator,https://api.github.com/users/krantzinator
38678187,zyzhou0224,https://api.github.com/users/zyzhou0224
29973389,fredfeng0326,https://api.github.com/users/fredfeng0326
6915079,mikenye,https://api.github.com/users/mikenye
31195332,antonywinn,https://api.github.com/users/antonywinn
1404532,bydmm,https://api.github.com/users/bydmm
4480596,GuryYu,https://api.github.com/users/GuryYu
5248248,stanley-roache,https://api.github.com/users/stanley-roache
30964768,reubenjh,https://api.github.com/users/reubenjh
17984056,yoyiyi,https://api.github.com/users/yoyiyi
2127199,okoala,https://api.github.com/users/okoala
22917384,nagpaleshant1,https://api.github.com/users/nagpaleshant1
6650816,paulplayer,https://api.github.com/users/paulplayer
33193630,cxly0845,https://api.github.com/users/cxly0845
2676686,ole3021,https://api.github.com/users/ole3021
8695439,alpegon,https://api.github.com/users/alpegon
13363433,iamnapo,https://api.github.com/users/iamnapo
40028254,Tonimi-coder,https://api.github.com/users/Tonimi-coder
24378431,changsoojoe,https://api.github.com/users/changsoojoe
20058841,sunhongya,https://api.github.com/users/sunhongya
4315,hsribei,https://api.github.com/users/hsribei
29228948,yunpengGit,https://api.github.com/users/yunpengGit
327080,nielsbom,https://api.github.com/users/nielsbom
31164403,alanmathew333,https://api.github.com/users/alanmathew333
18692722,zxiaohong,https://api.github.com/users/zxiaohong
10626137,teenasharma,https://api.github.com/users/teenasharma
13145301,nishit321,https://api.github.com/users/nishit321
39983821,Luying0829,https://api.github.com/users/Luying0829
17460334,joshborup,https://api.github.com/users/joshborup
4657427,bdevapatla,https://api.github.com/users/bdevapatla
30864886,vyacheslav-code,https://api.github.com/users/vyacheslav-code
24514952,simplexcspp,https://api.github.com/users/simplexcspp
13112910,ivanberry,https://api.github.com/users/ivanberry
5239963,onildoaguiar,https://api.github.com/users/onildoaguiar
8743692,guzhongren,https://api.github.com/users/guzhongren
16655165,sebavan,https://api.github.com/users/sebavan
6869015,hahuutin,https://api.github.com/users/hahuutin
266852,leomeloxp,https://api.github.com/users/leomeloxp
8476106,frontendnote,https://api.github.com/users/frontendnote
